,test,rss,uss
0,test29,97394688,94339072
1,test30,97857536,94732288
2,test12,97628160,94593024
3,test18,97767424,94609408
4,test24,98045952,94879744
5,test10,97652736,94617600
6,test19,97980416,94814208
7,test15,98172928,95088640
8,test8,97759232,94658560
9,test7,97828864,94654464
10,test25,97816576,94674944
11,test3,97800192,94642176
12,test11,97923072,94781440
13,test2,97669120,94633984
14,test4,97841152,94666752
15,test28,97533952,94478336
16,test20,97759232,94580736
17,test9,98193408,95023104
18,test23,98013184,94879744
19,test5,97656832,94547968
20,test26,97669120,94560256
21,test17,97570816,94539776
22,test27,97779712,94679040
23,test13,97812480,94666752
24,test6,97701888,94597120
25,test1,97734656,94687232
26,test16,97431552,94375936
27,test21,97906688,94765056
28,test22,97812480,94666752
29,test14,98254848,95170560
